INSERT INTO CAR_MODEL VALUES ('123456789012345','Sportage EX','Kia','SUV','FWD','2018','Automatic','4 Cyl 2.4 L','Gasoline','22','29');
INSERT INTO CAR_MODEL VALUES ('459741107922433','RAV4 LE','Toyota','SUV','AWD','2017','Automatic','4 Cyl 2.5 L','Gasoline','22','28');
INSERT INTO CAR_MODEL VALUES ('266373011586308','Atlas SE','Volkswagen','SUV','AWD','2018','Automatic','6 Cyl 3.6 L','Gasoline','17','23');
INSERT INTO CAR_MODEL VALUES ('337681908154176','Q3 Premium Plus','Audi','SUV','AWD','2018','Automatic','4 Cyl 2.0 L','Gasoline','20','28');
INSERT INTO CAR_MODEL VALUES ('714397587276320','Cherokee Sport','Jeep','SUV','4WD','2014','Automatic','4 Cyl 2.4 L','Gasoline','21','27');
INSERT INTO CAR_MODEL VALUES ('311127966273678','CR-V EX','Honda','SUV','4WD','2007','Automatic','4 Cyl 2.4 L','Gasoline','19','26');
INSERT INTO CAR_MODEL VALUES ('034278985226704','Grand Caravan SXT','Dodge','Minivan','FWD','2018','Automatic','6 Cyl 3.6 L','Flexible-Fuel','17','25');
INSERT INTO CAR_MODEL VALUES ('515258400097792','Pacifica Touring-L','Chrysler','Minivan','FWD','2017','Automatic','6 Cyl 3.6 L','Flexible-Fuel','18','28');
INSERT INTO CAR_MODEL VALUES ('423731954352902','Odyssey EX L','Honda','Minivan','FWD','2016','Automatic','6 Cyl 3.5 L','Gasoline','19','27');
INSERT INTO CAR_MODEL VALUES ('830919444307004','Sienna Xle','Toyota','Minivan','FWD','2015','Automatic','6 Cyl 3.5 L','Gasoline','18','25');
INSERT INTO CAR_MODEL VALUES ('224960365383010','Odyssey EX L','Honda','Minivan','FWD','2019','Automatic','6 Cyl 3.5 L','Gasoline','19','28');
INSERT INTO CAR_MODEL VALUES ('667544222154289','Tacoma TRD Sport','Toyota','Pickup','4WD','2018','Manual','6 Cyl 3.5 L','Gasoline','17','20');
INSERT INTO CAR_MODEL VALUES ('715157321342981','Tacoma','Toyota','Pickup','4WD','2005','Manual','6 Cyl 4.0L','Gasoline','14','18');
INSERT INTO CAR_MODEL VALUES ('612692134102513','Silverado 1500 LT','Chevorlet','Pickup','RWD','2019','Automatic','8 Cyl 5.3 L','Gasoline','15','22');
INSERT INTO CAR_MODEL VALUES ('395789841011007','Canyon SLT','GMC','Pickup','4WD','2016','Automatic','4 Cyl 2.8 L','Diesel','20','28');
INSERT INTO CAR_MODEL VALUES ('383120702394055','Sonata Limited Edition','Hyundai','Sedan','FWD','2014','Automatic','4 Cyl 2.4 L','Gasoline','24','34');
INSERT INTO CAR_MODEL VALUES ('050488600317862','Camry XLE','Toyota','Sedan','FWD','2017','Automatic','4 Cyl 2.5 L','Gasoline','24','33');
INSERT INTO CAR_MODEL VALUES ('151858475241748','Jetta R-Line','Volkswagen','Sedan','FWD','2019','Automatic','4 Cyl 1.4 L','Gasoline','30','40');
INSERT INTO CAR_MODEL VALUES ('149358630789024','F-250 Xl','Ford','Chassis','4WD','2019','Automatic','8 Cyl 6.7 L','Diesel','14','17');
INSERT INTO CAR_MODEL VALUES ('341403880373660','3500 Tradesman','Ram','Chassis','4WD','2017','Automatic','6 Cyl 6.7 L','Diesel','15','19');
INSERT INTO CAR_MODEL VALUES ('001472809717678','F-450','Ford','Chassis','RWD','2006','Automatic','8 Cyl 6.0 L','Diesel','13','15');
INSERT INTO CAR_MODEL VALUES ('487607897132617','Civic LX','Honda','Coupe','FWD','2019','Automatic','4 Cyl 2.0 L','Gasoline','29','36');
INSERT INTO CAR_MODEL VALUES ('030718600386046','Challenger R/T','Dodge','Coupe','RWD','2018','Manual','8 Cyl 5.7 L','Gasoline','16','25');
INSERT INTO CAR_MODEL VALUES ('471669651843238','Transit XL','Ford','Van','RWD','2018','Automatic','6 Cyl 3.7 L','Flexible-Fuel','12','18');
INSERT INTO CAR_MODEL VALUES ('045813844592214','Express 3500 LT','Chevorlet','Van','RWD','2016','Automatic','8 Cyl 6.0 L','Flexible-Fuel','11','16');
INSERT INTO CAR_MODEL VALUES ('464488174757364','NV200 SV','Nissan','Van','FWD','2018','Automatic','4 Cyl 2.0 L','Gasoline','24','26');
INSERT INTO CAR_MODEL VALUES ('841581206990537','Soul Base','Kia','Wagon','FWD','2015','Manual','4 Cyl 1.6 L','Gasoline','24','30');
INSERT INTO CAR_MODEL VALUES ('044489768767097','Golf S','Volkswagen','Wagon','AWD','2019','Automatic','4 Cyl 1.8 L','Gasoline','22','29');
INSERT INTO CAR_MODEL VALUES ('075155517614209','A4','Audi','Convertible','AWD','2008','Automatic','4 Cyl 2.0 L','Gasoline','19','27');
INSERT INTO CAR_MODEL VALUES ('265890203362790','Beetle','Volkswagen','Convertible','FWD','2013','Automatic','4 Cyl 2.0 L','Diesel','27','37');
INSERT INTO CAR_MODEL VALUES ('546380087289881','Corvette LT3','Corvette','Convertible','RWD','2014','Manual','8 Cyl 6.2 L','Gasoline','17','28');
INSERT INTO CAR_MODEL VALUES ('889150530717963','Mustang GT Premium','Ford','Convertible','RWD','2019','Manual','8 Cyl 5.0 L','Gasoline','15','24');
INSERT INTO DEALERSHIP VALUES ('0','Kevin''s Kars','123 N Lancaster Avenue, Radnor, PA 19087','6115551234','kevinska.rs');
INSERT INTO DEALERSHIP VALUES ('1','Devin''s Dealership','456 E Lancaster Avenue, Ardmore, PA 19003','6101234567','devins.deals');
INSERT INTO DEALERSHIP VALUES ('2','Alvin''s Automobiles','789 S Lancaster Avenue, Radnor, PA 19087','6105489237','alvins.auto');
INSERT INTO DEALERSHIP VALUES ('3','Evan''s Exotics','1011 W Lancaster Avenue, Wayne, PA 19080','6108496523','evansexotics.com');
INSERT INTO DEALERSHIP VALUES ('4','Vinny''s Vehicles','142 County Line Road, Bryn Mawr, PA 19010','6108435697','vinnysvehicl.es');
INSERT INTO DEALERSHIP VALUES ('5','Calvin''s Convertibles','143 County Line Road, Villanova, PA 19085','6104567893','calvinsconvertibl.es');
INSERT INTO DEALERSHIP VALUES ('6','Gavin''s Gasoline Guzzlers','218 E Lancaster Ave, Ardmore, PA 19003','6103546789','gavinsguzzle.rs');
INSERT INTO DEALERSHIP VALUES ('7','Ardmore Toyota','219 E Lancaster Ave, Ardmore, PA 19003','6106455000','ardmoretoyota.com');
INSERT INTO SALESPERSON VALUES ('0','Kevin','Sofronas','0','9085551234','ksofronas@kevinska.rs');
INSERT INTO SALESPERSON VALUES ('1','Anderson   ','Mcconnell','0','8416639153','amccnnll@kevinska.rs');
INSERT INTO SALESPERSON VALUES ('2','Margie   ','Klein','1','9277254000','margiek@devins.deals');
INSERT INTO SALESPERSON VALUES ('3','Hayden   ','Mendoza','1','2367577354','haydenm@devins.deals');
INSERT INTO SALESPERSON VALUES ('4','Emanuel   ','Coffey','1','9038018697','emanuelc@devins.deals');
INSERT INTO SALESPERSON VALUES ('5','Velma   ','Ramirez','2','4868647458','velmaramirez@alvins.auto');
INSERT INTO SALESPERSON VALUES ('6','Piper   ','Vaughn','3','7224414232','pvaughn@evansexotics.com');
INSERT INTO SALESPERSON VALUES ('7','Markus   ','Floyd','3','4915356378','mfloyd@evansexotics.com');
INSERT INTO SALESPERSON VALUES ('8','Aurelio   ','Abbott','4','8616638780','aabbtt@vinnysvehicl.es');
INSERT INTO SALESPERSON VALUES ('9','Lupita   ','Fischer','4','6518384115','lupfisch@vinnysvehicl.es');
INSERT INTO SALESPERSON VALUES ('10','Una   ','Little','5','9455692761','unalittle@calvinsconvertibl.es');
INSERT INTO SALESPERSON VALUES ('11','Marty   ','Esparza','6','6842684768','martye@gavinsguzzle.rs');
INSERT INTO SALESPERSON VALUES ('12','Tonja   ','Waters','6','4475761079','tonjaw@gavinsguzzle.rs');
INSERT INTO SALESPERSON VALUES ('13','Allene   ','Bennett','7','2553369597','allenebennett@ardmoretoyota.com');
INSERT INTO SALESPERSON VALUES ('14','Emerson   ','Mosley','7','2347167842','emersonmosley@ardmoretoyota.com');
INSERT INTO SALESPERSON VALUES ('15','Roy   ','Reeves','7','9346926227','royreeves@ardmoretoyota.com');
INSERT INTO CAR VALUES ('1C4PJMCS2EW235536','889150530717963','7','14','JSSP4LQSQYZTPID','Used','34511','14502','White');
INSERT INTO CAR VALUES ('1C4NJCBA6ED547252','889150530717963','4','9','0A9AI6GLB0B5W2J','Used','32522','23456','Red');
INSERT INTO CAR VALUES ('JTDKN3DU8D5514535','841581206990537','5','10','20V4PX1KAZB55KL','Used','14526','9123','Green');
INSERT INTO CAR VALUES ('1GNDS13S142414937','841581206990537','7','13','HNABN71L4OZWM3V','New','17050',NULL,'Beige');
INSERT INTO CAR VALUES ('1G1JC5SB9F4171444','841581206990537','2','5','6S439TZI4LFREXM','Used','11976','25812','Blue');
INSERT INTO CAR VALUES ('WMWRH33516TK98765','830919444307004','1','2','3PJE0GRSLS91MC5','Used','21000','72859','White');
INSERT INTO CAR VALUES ('5NPEU46F37H179273','715157321342981','7','14','2UHXC56WCQ53VXW','Used','17850','81371','Red');
INSERT INTO CAR VALUES ('2C3LA63H18H235517','715157321342981','4','8','4K073JZHTZPU28R','Used','15000','107212','Gray');
INSERT INTO CAR VALUES ('1Z7HC32N86S559012','715157321342981','0','0','25TC8MSLPIP5SXL','Used','21333','51113','Black');
INSERT INTO CAR VALUES ('KMHHM65D56U211746','714397587276320','6','11','GI3HBQ34MZHTHHB','New','25500',NULL,'Black');
INSERT INTO CAR VALUES ('4JGBB8GBXBA768621','714397587276320','7','14','H9QY4O87N5JF8T8','Used','20475','23512','Blue');
INSERT INTO CAR VALUES ('2G1FC1E34C9189698','714397587276320','5','10','K3IJI206WY9FAZR','Used','21357','14735','Blue');
INSERT INTO CAR VALUES ('1XKEDB9XXPJ327794','714397587276320','4','8','XVS6660TTJ36LPG','Used','11422','87099','White');
INSERT INTO CAR VALUES ('KNDMG4C70C6452867','667544222154289','2','5','WWP03K4WUALU5CX','Used','32932','58317','Beige');
INSERT INTO CAR VALUES ('WVWLH63B51E010453','612692134102513','6','12','KGD4QDEBPEQ48RN','Used','24555','59777','Black');
INSERT INTO CAR VALUES ('KMHGC4DF4CU168597','612692134102513','7','14','LZQY9JMRVCK53IQ','Used','28777','39555','Silver');
INSERT INTO CAR VALUES ('5YFBURHE4EP182817','612692134102513','7','13','TM71UCTO6PUKBZC','Used','26486','23456','Red');
INSERT INTO CAR VALUES ('1FMPU17C54CA80243','612692134102513','7','15','NVEWWRVUTFDWMSP','New','35000',NULL,'Silver');
INSERT INTO CAR VALUES ('1FDNF20555EC97073','546380087289881','1','4','TP8DZKO6RTIGD4Z','Used','44350','19876','Blue');
INSERT INTO CAR VALUES ('WDBTJ56J48F263025','515258400097792','0','1','93UXJ27YN135RZA','Used','22698','31359','Gray');
INSERT INTO CAR VALUES ('JTEGF21A210021865','487607897132617','5','10','1MLLA4ZA0O3UCTM','Used','19423','8264','Black');
INSERT INTO CAR VALUES ('JTDZN3EUXE3345225','487607897132617','1','3','AC08V3E326W12JV','Used','15356','61735','Red');
INSERT INTO CAR VALUES ('3C6JR7AT8EG111448','487607897132617','3','7','J2VDQ2FD2MOU353','New','21000',NULL,'Gray');
INSERT INTO CAR VALUES ('1G1ZT51F76F117927','487607897132617','7','14','SMAWW2SGZB72HBN','Used','17497','12911','Blue');
INSERT INTO CAR VALUES ('1G3NL52F32C282017','471669651843238','1','4','WV8YF12TLQ57R70','New','28500',NULL,'White');
INSERT INTO CAR VALUES ('1FTNF1ET0DKE16928','471669651843238','7','13','2TJ21N2QU4NZ9ER','Used','24555','15323','White');
INSERT INTO CAR VALUES ('1FTWW32F32ED42804','464488174757364','5','10','EW4OH2LFB2LRAHG','Used','16602','33150','White');
INSERT INTO CAR VALUES ('WBAKF5C53CE631938','459741107922433','6','11','E1L3CD02KWFJ9NO','Used','19499','22604','White');
INSERT INTO CAR VALUES ('5NPE24AF6FH061066','459741107922433','7','14','O7L9RQYHQRXYBMP','Used','20422','15483','White');
INSERT INTO CAR VALUES ('5TFGY5F19EX190884','423731954352902','6','12','80DWF9ALXGFONE5','Used','25415','43813','Blue');
INSERT INTO CAR VALUES ('4S4BRCCC7D3258845','423731954352902','3','7','DNI0VVSUZZCS2B8','Used','20302','74717','Gray');
INSERT INTO CAR VALUES ('5FNYF38269B099088','395789841011007','5','10','IVCZC265CPCVOC0','Used','27444','57015','Brown');
INSERT INTO CAR VALUES ('1G11D5SL4FF293364','395789841011007','2','5','EIV1E05BEV3N1G3','Used','27443','56000','Blue');
INSERT INTO CAR VALUES ('5FNRL38755B004216','383120702394055','6','12','8AZLNXFBKD1J0O8','Used','10200','70655','Black');
INSERT INTO CAR VALUES ('2T2HK31U38C035483','383120702394055','4','9','7KJC955UQ95EMZM','Used','13251','39624','Gray');
INSERT INTO CAR VALUES ('1B3HB48B57D306559','383120702394055','0','0','RCKUKRJAMKJ2JLD','Used','16555','10000','Green');
INSERT INTO CAR VALUES ('WBXPA93426WG68473','341403880373660','1','2','MRV1ACZ5PHNLWL9','Used','51050','68500','Green');
INSERT INTO CAR VALUES ('2G1WB58K989282849','341403880373660','2','5','J8XJ5RPRXCODTQJ','Used','54900','11800','Beige');
INSERT INTO CAR VALUES ('1FDXF7088SVA43756','341403880373660','2','5','9G8I8XDWO7FT9WX','New','62000',NULL,'Brown');
INSERT INTO CAR VALUES ('3N1AB7AP9EL644502','337681908154176','5','10','RDSXU12I5W1AEGY','Used','27993','41099','Gray');
INSERT INTO CAR VALUES ('4V1GDDRFXRN696577','311127966273678','5','10','3Z8NXZ6NGR2CXJ6','Used','10038','45697','Blue');
INSERT INTO CAR VALUES ('1GTCS1945W8542384','311127966273678','5','10','7ZS6FTPXIN8WGUX','Used','8998','73515','Beige');
INSERT INTO CAR VALUES ('4T1BK3DB5BU388057','266373011586308','0','0','ZB85AH3NLPU7G0X','Used','22882','66471','White');
INSERT INTO CAR VALUES ('1GTEC14X78Z102798','266373011586308','0','0','HX43NRZ13SORDW4','New','30000',NULL,'Black');
INSERT INTO CAR VALUES ('SAJWA71C74SG71396','265890203362790','5','10','1CV0F2HLQQGWKU6','Used','13546','97413','Red');
INSERT INTO CAR VALUES ('5LMFU28545LJ14432','265890203362790','0','1','V9MWC4WY5XL8T5F','Used','18353','42165','Black');
INSERT INTO CAR VALUES ('2G1WC5E39E1172050','265890203362790','7','13','960UDQZK24K4K07','Used','19000','37777','White');
INSERT INTO CAR VALUES ('1G1ZA5E1XBF121601','265890203362790','0','0','VDLLRDCZOEPB7BY','Used','21035','17513','Blue');
INSERT INTO CAR VALUES ('1G1PH5SCXC7145630','265890203362790','7','15','P572JRUX2X38J81','Used','19991','35000','Black');
INSERT INTO CAR VALUES ('1FTJE34H7NHA69154','265890203362790','6','12','RYTXZ2X5KJI2045','Used','17356','66513','Brown');
INSERT INTO CAR VALUES ('2FTFX28L0VCA27909','224960365383010','7','13','2ZCWMJ2QKDWYOSB','Used','33450','1291','Silver');
INSERT INTO CAR VALUES ('1N6ED26Y52C380566','224960365383010','6','11','PV7Y76PHHXYX69G','New','37000',NULL,'White');
INSERT INTO CAR VALUES ('1GNKRFKD3FJ132830','151858475241748','1','3','WD7BWD5X2HFOZUC','New','23000',NULL,'Blue');
INSERT INTO CAR VALUES ('1FVHCYDC76HW80121','151858475241748','3','6','69PKXB961A7KSFJ','Used','18980','12655','Black');
INSERT INTO CAR VALUES ('1N6AD09U27C468283','149358630789024','5','10','TDF1E3B75V4E6D3','Used','45000','74531','Black');
INSERT INTO CAR VALUES ('1G1ZC5EB7AF201312','149358630789024','6','11','4GEP59AWNPQKUSE','Used','48900','34150','White');
INSERT INTO CAR VALUES ('JM1BK32F261490482','123456789012345','7','13','0JM4N4ZY4436SY8','Used','20997','14784','Brown');
INSERT INTO CAR VALUES ('1N6AD0CU0FN707664','123456789012345','3','6','4C8YGJQOVZX5XYZ','Used','19875','8045','Green');
INSERT INTO CAR VALUES ('1GTV2VECXFZ117363','123456789012345','4','8','GIKPCPWHZ9J8E8F','New','23005',NULL,'Black');
INSERT INTO CAR VALUES ('JN1DA31A83T460486','075155517614209','3','6','L1LOXCGMTIYZAKE','Used','12658','45678','Red');
INSERT INTO CAR VALUES ('3FAHP08166R159633','075155517614209','3','7','BHKFF97E2IRTBRQ','Used','8456','98423','Brown');
INSERT INTO CAR VALUES ('2T3BF4DV9BW111553','075155517614209','0','0','JMNYB5BB94JRCDC','Used','6991','121458','Black');
INSERT INTO CAR VALUES ('WBAPK7C52BA923292','050488600317862','6','12','4PRFQXBDG6A0L95','Used','18000','54000','Gray');
INSERT INTO CAR VALUES ('JM3ER293X70185213','050488600317862','1','3','C8AVCG4D5DZOFRH','New','25000',NULL,'White');
INSERT INTO CAR VALUES ('3GTU2WEC3FG221923','050488600317862','0','0','QAFPO2FLGB0A2M0','Used','20450','8793','Blue');
INSERT INTO CAR VALUES ('2HGFG11806H512248','050488600317862','6','11','55DRQ5O6FEP3CT1','Used','19456','20345','Black');
INSERT INTO CAR VALUES ('1FTFW1CF1DFD96571','050488600317862','5','10','IEYF8KAO93Y3E17','Used','17900','55555','Red');
INSERT INTO CAR VALUES ('5N1AR2MM3EC671022','045813844592214','0','0','0WKPQQK9Y64FHIW','Used','18990','28922','White');
INSERT INTO CAR VALUES ('3GCCW80HXHS925910','044489768767097','6','12','GH79GYSQFCTBCZA','Used','18900','8305','Beige');
INSERT INTO CAR VALUES ('1FMZU63K43UC03820','044489768767097','2','5','XDFZRYWVR9CSJJT','New','20000',NULL,'Blue');
INSERT INTO CAR VALUES ('WAUBGAFC8CN048992','034278985226704','4','9','ZDKECZWW1GLZQSE','New','17225','39941','Black');
INSERT INTO CAR VALUES ('JTEZU11F570011294','034278985226704','6','11','Q6XLFIB08UGBG6L','Used','16333','48882','Black');
INSERT INTO CAR VALUES ('1N4AL21E99N483320','030718600386046','1','4','BDGXFVLMLS63EMJ','Used','28405','29329','Gray');
INSERT INTO CAR VALUES ('1C4PJMAK3CW175010','030718600386046','7','14','2DOCY4390FMXNKL','Used','27438','32648','Brown');
INSERT INTO CAR VALUES ('2FTZF1820WCA86316','001472809717678','4','8','72P9L4A468UJ1F9','Used','26700','22222','Gray');
INSERT INTO CAR VALUES ('1FTFW1ET1EFB95452','001472809717678','6','12','P7T7NHK3P50B0H9','Used','24900','41704','White');
INSERT INTO OWNER VALUES ('0','JM1BK32F261490482','Barrie','Aguirre','2018','2020');
INSERT INTO OWNER VALUES ('1','JM1BK32F261490482','Loyd','Cline','2020',NULL);
INSERT INTO OWNER VALUES ('2','1GTV2VECXFZ117363','Venus','Cuevas','2018',NULL);
INSERT INTO OWNER VALUES ('3','1N6AD0CU0FN707664','Lajuana','Pena','2018',NULL);
INSERT INTO OWNER VALUES ('4','WBAKF5C53CE631938','Shanna','Lester','2018','2020');
INSERT INTO OWNER VALUES ('5','WBAKF5C53CE631938','Zenia','Foster','2020',NULL);
INSERT INTO OWNER VALUES ('6','5NPE24AF6FH061066','Eufemia','Dudley','2018',NULL);
INSERT INTO OWNER VALUES ('7','1GTEC14X78Z102798','Norman','Bass','2018',NULL);
INSERT INTO OWNER VALUES ('8','4T1BK3DB5BU388057','Edward','Adkins','2018','2018');
INSERT INTO OWNER VALUES ('9','4T1BK3DB5BU388057','Niki','Kim','2018','2018');
INSERT INTO OWNER VALUES ('10','4T1BK3DB5BU388057','Yanira','Donovan','2018','2020');
INSERT INTO OWNER VALUES ('11','4T1BK3DB5BU388057','Zackary','Patrick','2020',NULL);
INSERT INTO OWNER VALUES ('12','3N1AB7AP9EL644502','Orlando','Rowland','2018',NULL);
INSERT INTO OWNER VALUES ('13','KMHHM65D56U211746','Kasie','Phelps','2019',NULL);
INSERT INTO OWNER VALUES ('14','2G1FC1E34C9189698','Nestor','Skinner','2019',NULL);
INSERT INTO OWNER VALUES ('15','1XKEDB9XXPJ327794','Debbie','Gamble','2019','2019');
INSERT INTO OWNER VALUES ('16','1XKEDB9XXPJ327794','Mitchell','Esparza','2019',NULL);
INSERT INTO OWNER VALUES ('17','4JGBB8GBXBA768621','Taren','Russo','2019',NULL);
INSERT INTO OWNER VALUES ('18','1GTCS1945W8542384','Tianna','Nguyen','2019',NULL);
INSERT INTO OWNER VALUES ('19','4V1GDDRFXRN696577','Pete','Vaughan','2020',NULL);
INSERT INTO OWNER VALUES ('20','JTEZU11F570011294','Candice','Brown','2020','2020');
INSERT INTO OWNER VALUES ('21','JTEZU11F570011294','Peggy','Novak','2018',NULL);
INSERT INTO OWNER VALUES ('22','WAUBGAFC8CN048992','Harland','Holloway','2020',NULL);
INSERT INTO OWNER VALUES ('23','WDBTJ56J48F263025','Sanjuana','Carroll','2019','2020');
INSERT INTO OWNER VALUES ('24','WDBTJ56J48F263025','Cyril','Hogan','2019',NULL);
INSERT INTO OWNER VALUES ('25','4S4BRCCC7D3258845','Kellie','Yates','2018',NULL);
INSERT INTO OWNER VALUES ('26','5TFGY5F19EX190884','Kristin','Gilmore','2018',NULL);
INSERT INTO OWNER VALUES ('27','WMWRH33516TK98765','Shemika','Newman','2018','2018');
INSERT INTO OWNER VALUES ('28','WMWRH33516TK98765','Reyes','Carr','2018','2019');
INSERT INTO OWNER VALUES ('29','WMWRH33516TK98765','Karl','Craig','2019',NULL);
INSERT INTO OWNER VALUES ('30','2FTFX28L0VCA27909','Madeline','Burke','2018',NULL);
INSERT INTO OWNER VALUES ('31','1N6ED26Y52C380566','Moon','Briggs','2018','2018');
INSERT INTO OWNER VALUES ('32','1N6ED26Y52C380566','Jennette','Case','2018',NULL);
INSERT INTO OWNER VALUES ('33','KNDMG4C70C6452867','Hermelinda','Ho','2018',NULL);
INSERT INTO OWNER VALUES ('34','2C3LA63H18H235517','Ethyl','Hernandez','2019',NULL);
INSERT INTO OWNER VALUES ('35','5NPEU46F37H179273','Aura','Leonard','2019','2019');
INSERT INTO OWNER VALUES ('36','5NPEU46F37H179273','Shaquana','Pollard','2019','2020');
INSERT INTO OWNER VALUES ('37','5NPEU46F37H179273','Henrietta','Thomas','2020',NULL);
INSERT INTO OWNER VALUES ('38','1Z7HC32N86S559012','Michael','Juarez','2019',NULL);
INSERT INTO OWNER VALUES ('39','1FMPU17C54CA80243','Maurice','Shepherd','2019','2019');
INSERT INTO OWNER VALUES ('40','1FMPU17C54CA80243','Thi','Huber','2019',NULL);
INSERT INTO OWNER VALUES ('41','KMHGC4DF4CU168597','Boyd','Dean','2020',NULL);
INSERT INTO OWNER VALUES ('42','WVWLH63B51E010453','Marylynn','Phelps','2018','2020');
INSERT INTO OWNER VALUES ('43','WVWLH63B51E010453','Zelma','Mendez','2018',NULL);
INSERT INTO OWNER VALUES ('44','5YFBURHE4EP182817','Leonie','Walton','2020',NULL);
INSERT INTO OWNER VALUES ('45','5FNYF38269B099088','Hassan','Rose','2020',NULL);
INSERT INTO OWNER VALUES ('46','1G11D5SL4FF293364','Thad','Boyer','2018','2020');
INSERT INTO OWNER VALUES ('47','1G11D5SL4FF293364','Marsha','Lopez','2018','2018');
INSERT INTO OWNER VALUES ('48','1G11D5SL4FF293364','Joelle','Hensley','2018',NULL);
INSERT INTO OWNER VALUES ('49','2T2HK31U38C035483','Samuel','Martin','2020',NULL);
INSERT INTO OWNER VALUES ('50','1B3HB48B57D306559','Scott','Lawrence','2018',NULL);
INSERT INTO OWNER VALUES ('51','5FNRL38755B004216','Orval','Welch','2018',NULL);
INSERT INTO OWNER VALUES ('52','JM3ER293X70185213','Tennie','Rubio','2018',NULL);
INSERT INTO OWNER VALUES ('53','3GTU2WEC3FG221923','Loma','Livingston','2018',NULL);
INSERT INTO OWNER VALUES ('54','2HGFG11806H512248','Caren','Barry','2018','2019');
INSERT INTO OWNER VALUES ('55','2HGFG11806H512248','Sanjuana','Hogan','2019',NULL);
INSERT INTO OWNER VALUES ('56','1FTFW1CF1DFD96571','Nathalie','Clements','2018',NULL);
INSERT INTO OWNER VALUES ('57','WBAPK7C52BA923292','Jon','Bean','2018',NULL);
INSERT INTO OWNER VALUES ('58','1GNKRFKD3FJ132830','Rashad','Robles','2019',NULL);
INSERT INTO OWNER VALUES ('59','1FVHCYDC76HW80121','India','Marks','2019','2020');
INSERT INTO OWNER VALUES ('60','1FVHCYDC76HW80121','Casandra','Parks','2020',NULL);
INSERT INTO OWNER VALUES ('61','1G1ZC5EB7AF201312','Minerva','Snow','2019',NULL);
INSERT INTO OWNER VALUES ('62','1N6AD09U27C468283','Altagracia','Macdonald','2018','2019');
INSERT INTO OWNER VALUES ('63','1N6AD09U27C468283','Genie','Haney','2018',NULL);
INSERT INTO OWNER VALUES ('64','1FDXF7088SVA43756','Kyra','Li','2019',NULL);
INSERT INTO OWNER VALUES ('65','2G1WB58K989282849','Lakendra','Conner','2020',NULL);
INSERT INTO OWNER VALUES ('66','WBXPA93426WG68473','Charis','Ellis','2020',NULL);
INSERT INTO OWNER VALUES ('67','1FTFW1ET1EFB95452','Yulanda','Combs','2020',NULL);
INSERT INTO OWNER VALUES ('68','2FTZF1820WCA86316','Annette','Larsen','2020',NULL);
INSERT INTO OWNER VALUES ('69','3C6JR7AT8EG111448','Billi','Duarte','2019','2020');
INSERT INTO OWNER VALUES ('70','3C6JR7AT8EG111448','Tyisha','Ortiz','2019',NULL);
INSERT INTO OWNER VALUES ('71','1G1ZT51F76F117927','Sang','Rangel','2020',NULL);
INSERT INTO OWNER VALUES ('72','JTEGF21A210021865','Chasity','May','2020',NULL);
INSERT INTO OWNER VALUES ('73','JTDZN3EUXE3345225','Jeannetta','Clarke','2018','2020');
INSERT INTO OWNER VALUES ('74','JTDZN3EUXE3345225','Shelli','Hobbs','2018',NULL);
INSERT INTO OWNER VALUES ('75','1N4AL21E99N483320','Magaret','Novak','2018',NULL);
INSERT INTO OWNER VALUES ('76','1C4PJMAK3CW175010','Georgeanna','Crawford','2018',NULL);
INSERT INTO OWNER VALUES ('77','1G3NL52F32C282017','Isidro','Klein','2018',NULL);
INSERT INTO OWNER VALUES ('78','1FTNF1ET0DKE16928','Rickey','Sampson','2018','2020');
INSERT INTO OWNER VALUES ('79','1FTNF1ET0DKE16928','Gordon','Shelton','2020',NULL);
INSERT INTO OWNER VALUES ('80','5N1AR2MM3EC671022','Deandrea','Boone','2018',NULL);
INSERT INTO OWNER VALUES ('81','1FTWW32F32ED42804','Myles','Dunlap','2018',NULL);
INSERT INTO OWNER VALUES ('82','1GNDS13S142414937','Lizbeth','Gregory','2018',NULL);
INSERT INTO OWNER VALUES ('83','1G1JC5SB9F4171444','Landon','Decker','2018',NULL);
INSERT INTO OWNER VALUES ('84','JTDKN3DU8D5514535','Lyndsey','Maynard','2018',NULL);
INSERT INTO OWNER VALUES ('85','1FMZU63K43UC03820','Yuonne','Richards','2019',NULL);
INSERT INTO OWNER VALUES ('86','3GCCW80HXHS925910','Chana','Mcneil','2019',NULL);
INSERT INTO OWNER VALUES ('87','2T3BF4DV9BW111553','Elizbeth','Bonilla','2019','2019');
INSERT INTO OWNER VALUES ('88','2T3BF4DV9BW111553','Dovie','Perkins','2019',NULL);
INSERT INTO OWNER VALUES ('89','JN1DA31A83T460486','Rosaline','Moreno','2019',NULL);
INSERT INTO OWNER VALUES ('90','3FAHP08166R159633','Palma','Joyce','2019',NULL);
INSERT INTO OWNER VALUES ('91','1G1PH5SCXC7145630','Lupita','Huynh','2019',NULL);
INSERT INTO OWNER VALUES ('92','1G1ZA5E1XBF121601','Christinia','Adams','2019',NULL);
INSERT INTO OWNER VALUES ('93','SAJWA71C74SG71396','Jenice','Rhodes','2019',NULL);
INSERT INTO OWNER VALUES ('94','1FTJE34H7NHA69154','Maryland','Medina','2020',NULL);
INSERT INTO OWNER VALUES ('95','5LMFU28545LJ14432','Rodrigo','Mora','2020',NULL);
INSERT INTO OWNER VALUES ('96','2G1WC5E39E1172050','Ranae','Prince','2020',NULL);
INSERT INTO OWNER VALUES ('97','1FDNF20555EC97073','Celia','Booker','2020',NULL);
INSERT INTO OWNER VALUES ('98','1C4PJMCS2EW235536','Leandro','Zuniga','2020',NULL);
INSERT INTO OWNER VALUES ('99','1C4NJCBA6ED547252','Retha','Christensen','2020',NULL);
INSERT INTO ACCIDENT_HISTORY VALUES ('0','JM1BK32F261490482','1','Mild','Fender-bender');
INSERT INTO ACCIDENT_HISTORY VALUES ('1','5NPE24AF6FH061066','6','Severe','T-boned');
INSERT INTO ACCIDENT_HISTORY VALUES ('2','1XKEDB9XXPJ327794','15','Mild','Poor parallel parking job');
INSERT INTO ACCIDENT_HISTORY VALUES ('3','1GTCS1945W8542384','18','Moderate','Hit utility pole');
INSERT INTO ACCIDENT_HISTORY VALUES ('4','WMWRH33516TK98765','27','Mild','Chipped paint');
INSERT INTO ACCIDENT_HISTORY VALUES ('5','KNDMG4C70C6452867','33','Mild','Missing hubcaps');
INSERT INTO ACCIDENT_HISTORY VALUES ('6','KMHGC4DF4CU168597','41','Moderate','Hit parked car');
INSERT INTO ACCIDENT_HISTORY VALUES ('7','1G11D5SL4FF293364','47','Mild','Swapped paint');
INSERT INTO ACCIDENT_HISTORY VALUES ('8','3GTU2WEC3FG221923','53','Severe','Head-on collision');
INSERT INTO ACCIDENT_HISTORY VALUES ('9','1N6AD09U27C468283','62','Mild','Minor axle damage');
INSERT INTO ACCIDENT_HISTORY VALUES ('10','3C6JR7AT8EG111448','70','Mild','Replaced engine');
INSERT INTO ACCIDENT_HISTORY VALUES ('11','1FTNF1ET0DKE16928','78','Mild','Dented bumper');
INSERT INTO ACCIDENT_HISTORY VALUES ('12','2T3BF4DV9BW111553','87','Moderate','Lost front wheel');
INSERT INTO ACCIDENT_HISTORY VALUES ('13','5LMFU28545LJ14432','95','Mild','Hit cement blocker');
INSERT INTO ACCIDENT_HISTORY VALUES ('14','1C4NJCBA6ED547252','99','Mild','Broke headlight');
