1C4PJMCS2EW235536,889150530717963,7,14,JSSP4LQSQYZTPID,Used,34511,14502,White
1C4NJCBA6ED547252,889150530717963,4,9,0A9AI6GLB0B5W2J,Used,32522,23456,Red
JTDKN3DU8D5514535,841581206990537,5,10,20V4PX1KAZB55KL,Used,14526,9123,Green
1GNDS13S142414937,841581206990537,7,13,HNABN71L4OZWM3V,New,17050,NULL,Beige
1G1JC5SB9F4171444,841581206990537,2,5,6S439TZI4LFREXM,Used,11976,25812,Blue
WMWRH33516TK98765,830919444307004,1,2,3PJE0GRSLS91MC5,Used,21000,72859,White
5NPEU46F37H179273,715157321342981,7,14,2UHXC56WCQ53VXW,Used,17850,81371,Red
2C3LA63H18H235517,715157321342981,4,8,4K073JZHTZPU28R,Used,15000,107212,Gray
1Z7HC32N86S559012,715157321342981,0,0,25TC8MSLPIP5SXL,Used,21333,51113,Black
KMHHM65D56U211746,714397587276320,6,11,GI3HBQ34MZHTHHB,New,25500,NULL,Black
4JGBB8GBXBA768621,714397587276320,7,14,H9QY4O87N5JF8T8,Used,20475,23512,Blue
2G1FC1E34C9189698,714397587276320,5,10,K3IJI206WY9FAZR,Used,21357,14735,Blue
1XKEDB9XXPJ327794,714397587276320,4,8,XVS6660TTJ36LPG,Used,11422,87099,White
KNDMG4C70C6452867,667544222154289,2,5,WWP03K4WUALU5CX,Used,32932,58317,Beige
WVWLH63B51E010453,612692134102513,6,12,KGD4QDEBPEQ48RN,Used,24555,59777,Black
KMHGC4DF4CU168597,612692134102513,7,14,LZQY9JMRVCK53IQ,Used,28777,39555,Silver
5YFBURHE4EP182817,612692134102513,7,13,TM71UCTO6PUKBZC,Used,26486,23456,Red
1FMPU17C54CA80243,612692134102513,7,15,NVEWWRVUTFDWMSP,New,35000,NULL,Silver
1FDNF20555EC97073,546380087289881,1,4,TP8DZKO6RTIGD4Z,Used,44350,19876,Blue
WDBTJ56J48F263025,515258400097792,0,1,93UXJ27YN135RZA,Used,22698,31359,Gray
JTEGF21A210021865,487607897132617,5,10,1MLLA4ZA0O3UCTM,Used,19423,8264,Black
JTDZN3EUXE3345225,487607897132617,1,3,AC08V3E326W12JV,Used,15356,61735,Red
3C6JR7AT8EG111448,487607897132617,3,7,J2VDQ2FD2MOU353,New,21000,NULL,Gray
1G1ZT51F76F117927,487607897132617,7,14,SMAWW2SGZB72HBN,Used,17497,12911,Blue
1G3NL52F32C282017,471669651843238,1,4,WV8YF12TLQ57R70,New,28500,NULL,White
1FTNF1ET0DKE16928,471669651843238,7,13,2TJ21N2QU4NZ9ER,Used,24555,15323,White
1FTWW32F32ED42804,464488174757364,5,10,EW4OH2LFB2LRAHG,Used,16602,33150,White
WBAKF5C53CE631938,459741107922433,6,11,E1L3CD02KWFJ9NO,Used,19499,22604,White
5NPE24AF6FH061066,459741107922433,7,14,O7L9RQYHQRXYBMP,Used,20422,15483,White
5TFGY5F19EX190884,423731954352902,6,12,80DWF9ALXGFONE5,Used,25415,43813,Blue
4S4BRCCC7D3258845,423731954352902,3,7,DNI0VVSUZZCS2B8,Used,20302,74717,Gray
5FNYF38269B099088,395789841011007,5,10,IVCZC265CPCVOC0,Used,27444,57015,Brown
1G11D5SL4FF293364,395789841011007,2,5,EIV1E05BEV3N1G3,Used,27443,56000,Blue
5FNRL38755B004216,383120702394055,6,12,8AZLNXFBKD1J0O8,Used,10200,70655,Black
2T2HK31U38C035483,383120702394055,4,9,7KJC955UQ95EMZM,Used,13251,39624,Gray
1B3HB48B57D306559,383120702394055,0,0,RCKUKRJAMKJ2JLD,Used,16555,10000,Green
WBXPA93426WG68473,341403880373660,1,2,MRV1ACZ5PHNLWL9,Used,51050,68500,Green
2G1WB58K989282849,341403880373660,2,5,J8XJ5RPRXCODTQJ,Used,54900,11800,Beige
1FDXF7088SVA43756,341403880373660,2,5,9G8I8XDWO7FT9WX,New,62000,NULL,Brown
3N1AB7AP9EL644502,337681908154176,5,10,RDSXU12I5W1AEGY,Used,27993,41099,Gray
4V1GDDRFXRN696577,311127966273678,5,10,3Z8NXZ6NGR2CXJ6,Used,10038,45697,Blue
1GTCS1945W8542384,311127966273678,5,10,7ZS6FTPXIN8WGUX,Used,8998,73515,Beige
4T1BK3DB5BU388057,266373011586308,0,0,ZB85AH3NLPU7G0X,Used,22882,66471,White
1GTEC14X78Z102798,266373011586308,0,0,HX43NRZ13SORDW4,New,30000,NULL,Black
SAJWA71C74SG71396,265890203362790,5,10,1CV0F2HLQQGWKU6,Used,13546,97413,Red
5LMFU28545LJ14432,265890203362790,0,1,V9MWC4WY5XL8T5F,Used,18353,42165,Black
2G1WC5E39E1172050,265890203362790,7,13,960UDQZK24K4K07,Used,19000,37777,White
1G1ZA5E1XBF121601,265890203362790,0,0,VDLLRDCZOEPB7BY,Used,21035,17513,Blue
1G1PH5SCXC7145630,265890203362790,7,15,P572JRUX2X38J81,Used,19991,35000,Black
1FTJE34H7NHA69154,265890203362790,6,12,RYTXZ2X5KJI2045,Used,17356,66513,Brown
2FTFX28L0VCA27909,224960365383010,7,13,2ZCWMJ2QKDWYOSB,Used,33450,1291,Silver
1N6ED26Y52C380566,224960365383010,6,11,PV7Y76PHHXYX69G,New,37000,NULL,White
1GNKRFKD3FJ132830,151858475241748,1,3,WD7BWD5X2HFOZUC,New,23000,NULL,Blue
1FVHCYDC76HW80121,151858475241748,3,6,69PKXB961A7KSFJ,Used,18980,12655,Black
1N6AD09U27C468283,149358630789024,5,10,TDF1E3B75V4E6D3,Used,45000,74531,Black
1G1ZC5EB7AF201312,149358630789024,6,11,4GEP59AWNPQKUSE,Used,48900,34150,White
JM1BK32F261490482,123456789012345,7,13,0JM4N4ZY4436SY8,Used,20997,14784,Brown
1N6AD0CU0FN707664,123456789012345,3,6,4C8YGJQOVZX5XYZ,Used,19875,8045,Green
1GTV2VECXFZ117363,123456789012345,4,8,GIKPCPWHZ9J8E8F,New,23005,NULL,Black
JN1DA31A83T460486,075155517614209,3,6,L1LOXCGMTIYZAKE,Used,12658,45678,Red
3FAHP08166R159633,075155517614209,3,7,BHKFF97E2IRTBRQ,Used,8456,98423,Brown
2T3BF4DV9BW111553,075155517614209,0,0,JMNYB5BB94JRCDC,Used,6991,121458,Black
WBAPK7C52BA923292,050488600317862,6,12,4PRFQXBDG6A0L95,Used,18000,54000,Gray
JM3ER293X70185213,050488600317862,1,3,C8AVCG4D5DZOFRH,New,25000,NULL,White
3GTU2WEC3FG221923,050488600317862,0,0,QAFPO2FLGB0A2M0,Used,20450,8793,Blue
2HGFG11806H512248,050488600317862,6,11,55DRQ5O6FEP3CT1,Used,19456,20345,Black
1FTFW1CF1DFD96571,050488600317862,5,10,IEYF8KAO93Y3E17,Used,17900,55555,Red
5N1AR2MM3EC671022,045813844592214,0,0,0WKPQQK9Y64FHIW,Used,18990,28922,White
3GCCW80HXHS925910,044489768767097,6,12,GH79GYSQFCTBCZA,Used,18900,8305,Beige
1FMZU63K43UC03820,044489768767097,2,5,XDFZRYWVR9CSJJT,New,20000,NULL,Blue
WAUBGAFC8CN048992,034278985226704,4,9,ZDKECZWW1GLZQSE,New,17225,39941,Black
JTEZU11F570011294,034278985226704,6,11,Q6XLFIB08UGBG6L,Used,16333,48882,Black
1N4AL21E99N483320,030718600386046,1,4,BDGXFVLMLS63EMJ,Used,28405,29329,Gray
1C4PJMAK3CW175010,030718600386046,7,14,2DOCY4390FMXNKL,Used,27438,32648,Brown
2FTZF1820WCA86316,001472809717678,4,8,72P9L4A468UJ1F9,Used,26700,22222,Gray
1FTFW1ET1EFB95452,001472809717678,6,12,P7T7NHK3P50B0H9,Used,24900,41704,White